title,author,genres
The Hunger Games,Suzanne Collins,"['Young Adult', 'Fiction', 'Dystopia', 'Fantasy', 'Science Fiction', 'Romance', 'Adventure', 'Teen', 'Post Apocalyptic', 'Action']"
Harry Potter and the Order of the Phoenix,"J.K. Rowling, Mary GrandPré (Illustrator)","['Fantasy', 'Young Adult', 'Fiction', 'Magic', 'Childrens', 'Adventure', 'Audiobook', 'Middle Grade', 'Classics', 'Science Fiction Fantasy']"
To Kill a Mockingbird,Harper Lee,"['Classics', 'Fiction', 'Historical Fiction', 'School', 'Literature', 'Young Adult', 'Historical', 'Novels', 'Read For School', 'High School']"
Pride and Prejudice,"Jane Austen, Anna Quindlen (Introduction)","['Classics', 'Fiction', 'Romance', 'Historical Fiction', 'Literature', 'Historical', 'Novels', 'Historical Romance', 'Classic Literature', 'Adult']"
Twilight,Stephenie Meyer,"['Young Adult', 'Fantasy', 'Romance', 'Vampires', 'Fiction', 'Paranormal', 'Paranormal Romance', 'Supernatural', 'Teen', 'Urban Fantasy']"
The Book Thief,Markus Zusak (Goodreads Author),"['Historical Fiction', 'Fiction', 'Young Adult', 'Historical', 'Classics', 'War', 'Holocaust', 'World War II', 'Books About Books', 'Audiobook']"
Animal Farm,"George Orwell, Russell Baker (Preface), C.M. Woodhouse (Introduction)","['Classics', 'Fiction', 'Dystopia', 'Fantasy', 'Literature', 'Politics', 'School', 'Science Fiction', 'Novels', 'Read For School']"
The Chronicles of Narnia,"C.S. Lewis, Pauline Baynes (Illustrator)","['Fantasy', 'Classics', 'Fiction', 'Young Adult', 'Childrens', 'Christian', 'Adventure', 'Science Fiction Fantasy', 'Middle Grade', 'Christian Fiction']"
J.R.R. Tolkien 4-Book Boxed Set: The Hobbit and The Lord of the Rings,J.R.R. Tolkien,"['Fantasy', 'Fiction', 'Classics', 'Adventure', 'Science Fiction Fantasy', 'Epic Fantasy', 'High Fantasy', 'Young Adult', 'Literature', 'Magic']"
Gone with the Wind,Margaret Mitchell,"['Classics', 'Historical Fiction', 'Fiction', 'Romance', 'Historical', 'War', 'Literature', 'Civil War', 'Historical Romance', 'Novels']"
The Fault in Our Stars,John Green (Goodreads Author),"['Young Adult', 'Romance', 'Fiction', 'Contemporary', 'Realistic Fiction', 'Teen', 'Coming Of Age', 'Drama', 'Novels', 'Love']"
The Hitchhiker's Guide to the Galaxy,Douglas Adams,"['Science Fiction', 'Fiction', 'Humor', 'Fantasy', 'Classics', 'Comedy', 'Science Fiction Fantasy', 'Audiobook', 'Adventure', 'Novels']"
The Giving Tree,Shel Silverstein,"['Childrens', 'Picture Books', 'Classics', 'Fiction', 'Poetry', 'Young Adult', 'Fantasy', 'Juvenile', 'Kids', 'Short Stories']"
Wuthering Heights,"Emily Brontë, Richard J. Dunn (Editor), David Timson (Narrator), Charlotte Brontë (Commentary), Robert Heindel (Illustrator)","['Classics', 'Fiction', 'Romance', 'Gothic', 'Literature', 'Historical Fiction', '19th Century', 'Novels', 'Classic Literature', 'Historical']"
The Da Vinci Code,Dan Brown (Goodreads Author),"['Fiction', 'Mystery', 'Thriller', 'Suspense', 'Mystery Thriller', 'Historical Fiction', 'Adventure', 'Novels', 'Crime', 'Adult']"
Memoirs of a Geisha,Arthur Golden,"['Fiction', 'Historical Fiction', 'Romance', 'Historical', 'Classics', 'Japan', 'Adult', 'Novels', 'Asia', 'Adult Fiction']"
The Picture of Dorian Gray,"Oscar Wilde, Jeffrey Eugenides (Introduction)","['Classics', 'Fiction', 'Horror', 'Fantasy', 'Literature', 'Gothic', 'Novels', '19th Century', 'LGBT', 'Classic Literature']"
Alice's Adventures in Wonderland & Through the Looking-Glass,"Lewis Carroll, John Tenniel (Illustrator), Martin Gardner (Introduction)","['Classics', 'Fantasy', 'Fiction', 'Childrens', 'Young Adult', 'Literature', 'Adventure', 'Novels', '19th Century', 'British Literature']"
Jane Eyre,"Charlotte Brontë, Michael Mason (Editor), Barnett Freedman (Illustrator)","['Classics', 'Fiction', 'Romance', 'Historical Fiction', 'Literature', 'Gothic', 'Historical', '19th Century', 'School', 'Classic Literature']"
Les Misérables,"Victor Hugo, Lee Fahnestock (Translator), Norman MacAfee (Translator)","['Classics', 'Fiction', 'Historical Fiction', 'Literature', 'France', 'Historical', 'Novels', 'French Literature', 'Romance', 'Classic Literature']"
Fahrenheit 451,Ray Bradbury,"['Classics', 'Fiction', 'Science Fiction', 'Dystopia', 'School', 'Literature', 'Novels', 'Fantasy', 'Adult', 'Science Fiction Fantasy']"
Divergent,Veronica Roth (Goodreads Author),"['Young Adult', 'Dystopia', 'Fiction', 'Fantasy', 'Science Fiction', 'Romance', 'Adventure', 'Teen', 'Post Apocalyptic', 'Action']"
Lord of the Flies,William Golding,"['Classics', 'Fiction', 'Young Adult', 'School', 'Literature', 'Dystopia', 'Read For School', 'Novels', 'High School', 'Adventure']"
Romeo and Juliet,"William Shakespeare, Paul Werstine (Editor), Barbara A. Mowat (Editor), Paavo Emil Cajander (Translator)","['Classics', 'Plays', 'Fiction', 'Romance', 'School', 'Drama', 'Read For School', 'Literature', 'High School', 'Poetry']"
The Alchemist,"Paulo Coelho (Goodreads Author), Alan R. Clarke (Translator), James Noel Smith (Illustrator)","['Fiction', 'Classics', 'Fantasy', 'Philosophy', 'Novels', 'Spirituality', 'Literature', 'Self Help', 'Inspirational', 'Adventure']"
Crime and Punishment,"Fyodor Dostoyevsky, David McDuff (Translator)","['Classics', 'Fiction', 'Russia', 'Literature', 'Russian Literature', 'Novels', 'Philosophy', 'Crime', '19th Century', 'School']"
The Perks of Being a Wallflower,Stephen Chbosky,"['Young Adult', 'Fiction', 'Contemporary', 'Coming Of Age', 'Romance', 'Realistic Fiction', 'LGBT', 'Classics', 'Mental Health', 'Teen']"
The Great Gatsby,"F. Scott Fitzgerald, Francis Scott Fitzgerald","['Classics', 'Fiction', 'School', 'Literature', 'Historical Fiction', 'Romance', 'Novels', 'Read For School', 'High School', 'American']"
City of Bones,Cassandra Clare (Goodreads Author),"['Fantasy', 'Young Adult', 'Paranormal', 'Romance', 'Urban Fantasy', 'Fiction', 'Vampires', 'Supernatural', 'Angels', 'Magic']"
Ender's Game,"Orson Scott Card, Stefan Rudnicki (Narrator), Harlan Ellison (Narrator)","['Science Fiction', 'Fiction', 'Young Adult', 'Fantasy', 'Classics', 'Science Fiction Fantasy', 'Dystopia', 'War', 'Audiobook', 'Adventure']"
The Help,Kathryn Stockett (Goodreads Author),"['Fiction', 'Historical Fiction', 'Historical', 'Adult', 'Adult Fiction', 'Contemporary', 'Audiobook', 'Classics', 'Chick Lit', 'Book Club']"
Anne of Green Gables,L.M. Montgomery,"['Classics', 'Fiction', 'Young Adult', 'Childrens', 'Historical Fiction', 'Middle Grade', 'Historical', 'Audiobook', 'Canada', 'Coming Of Age']"
Harry Potter and the Sorcerer's Stone,"J.K. Rowling, Mary GrandPré (Illustrator)","['Fantasy', 'Fiction', 'Young Adult', 'Magic', 'Childrens', 'Middle Grade', 'Adventure', 'Classics', 'Audiobook', 'Science Fiction Fantasy']"
The Little Prince,"Antoine de Saint-Exupéry, Richard Howard (Translator), Ivan Minatti (Translator), Nguyễn Thành Vũ (Illustrator)","['Classics', 'Fiction', 'Fantasy', 'Childrens', 'France', 'Young Adult', 'Philosophy', 'Literature', 'French Literature', 'Middle Grade']"
Charlotte's Web,"E.B. White, Garth Williams (Illustrator), Rosemary Wells (Illustrations)","['Classics', 'Childrens', 'Fiction', 'Young Adult', 'Fantasy', 'Animals', 'Middle Grade', 'Juvenile', 'School', 'Chapter Books']"
Of Mice and Men,John Steinbeck,"['Classics', 'Fiction', 'School', 'Historical Fiction', 'Literature', 'Read For School', 'Novels', 'High School', 'American', 'Classic Literature']"
The Time Traveler's Wife,Audrey Niffenegger (Goodreads Author),"['Fiction', 'Romance', 'Fantasy', 'Time Travel', 'Science Fiction', 'Contemporary', 'Adult', 'Chick Lit', 'Adult Fiction', 'Magical Realism']"
Dracula,"Bram Stoker, Nina Auerbach (Editor), David J. Skal (Editor)","['Classics', 'Horror', 'Fiction', 'Fantasy', 'Vampires', 'Gothic', 'Paranormal', 'Literature', 'Audiobook', 'Supernatural']"
Brave New World,Aldous Huxley,"['Classics', 'Fiction', 'Science Fiction', 'Dystopia', 'Literature', 'Novels', 'School', 'Fantasy', 'Philosophy', 'Science Fiction Fantasy']"
One Hundred Years of Solitude,"Gabriel García Márquez, Gregory Rabassa (Translator)","['Fiction', 'Classics', 'Magical Realism', 'Literature', 'Novels', 'Fantasy', 'Historical Fiction', 'Spanish Literature', 'Literary Fiction', 'Latin American']"
The Catcher in the Rye,J.D. Salinger,"['Classics', 'Fiction', 'Young Adult', 'Literature', 'School', 'Novels', 'Coming Of Age', 'American', 'High School', 'Read For School']"
The Princess Bride,William Goldman,"['Fantasy', 'Fiction', 'Classics', 'Romance', 'Humor', 'Young Adult', 'Adventure', 'Science Fiction Fantasy', 'Comedy', 'Fairy Tales']"
The Lightning Thief,Rick Riordan (Goodreads Author),"['Fantasy', 'Young Adult', 'Mythology', 'Fiction', 'Middle Grade', 'Adventure', 'Childrens', 'Urban Fantasy', 'Greek Mythology', 'Magic']"
The Secret Garden,Frances Hodgson Burnett,"['Classics', 'Fiction', 'Childrens', 'Young Adult', 'Historical Fiction', 'Middle Grade', 'Literature', 'Fantasy', 'Historical', 'Audiobook']"
A Thousand Splendid Suns,Khaled Hosseini (Goodreads Author),"['Fiction', 'Historical Fiction', 'Contemporary', 'Novels', 'Historical', 'War', 'Adult Fiction', 'Adult', 'Drama', 'Literature']"
A Wrinkle in Time,Madeleine L'Engle,"['Fantasy', 'Fiction', 'Classics', 'Young Adult', 'Science Fiction', 'Childrens', 'Middle Grade', 'Time Travel', 'Adventure', 'Science Fiction Fantasy']"
A Game of Thrones,George R.R. Martin,"['Fantasy', 'Fiction', 'Epic Fantasy', 'Adult', 'Science Fiction Fantasy', 'High Fantasy', 'Adventure', 'Dragons', 'Audiobook', 'Epic']"
The Adventures of Huckleberry Finn,"Mark Twain, Guy Cardwell (Notes), John Seelye (Introduction), Walter Trier (Ilustrator)","['Classics', 'Fiction', 'Historical Fiction', 'Literature', 'Young Adult', 'Adventure', 'School', 'Novels', 'Read For School', 'American']"
The Lovely Bones,Alice Sebold,"['Fiction', 'Mystery', 'Young Adult', 'Contemporary', 'Fantasy', 'Crime', 'Adult', 'Adult Fiction', 'Drama', 'Novels']"
The Outsiders,S.E. Hinton (Goodreads Author),"['Classics', 'Young Adult', 'Fiction', 'School', 'Realistic Fiction', 'Read For School', 'Coming Of Age', 'Historical Fiction', 'Contemporary', 'Teen']"
Where the Wild Things Are,Maurice Sendak,"['Childrens', 'Picture Books', 'Fiction', 'Classics', 'Fantasy', 'Adventure', 'Young Adult', 'Animals', 'Kids', 'Monsters']"
Green Eggs and Ham,Dr. Seuss,"['Childrens', 'Picture Books', 'Classics', 'Fiction', 'Poetry', 'Fantasy', 'Humor', 'Kids', 'Food', 'Young Adult']"
The Odyssey,"Homer, Robert Fagles (Translator), Bernard Knox (Introduction)","['Classics', 'Fiction', 'Poetry', 'Mythology', 'Fantasy', 'School', 'Literature', 'Adventure', 'Read For School', 'Historical Fiction']"
Life of Pi,Yann Martel,"['Fiction', 'Fantasy', 'Classics', 'Adventure', 'Contemporary', 'Novels', 'Literature', 'Magical Realism', 'India', 'Philosophy']"
A Tale of Two Cities,"Charles Dickens, Richard Maxwell (Editor/Introduction)","['Classics', 'Fiction', 'Historical Fiction', 'Literature', 'Historical', 'Novels', 'School', 'Classic Literature', '19th Century', 'British Literature']"
Water for Elephants,Sara Gruen (Goodreads Author),"['Fiction', 'Historical Fiction', 'Romance', 'Historical', 'Adult', 'Adult Fiction', 'Contemporary', 'Book Club', 'Novels', 'Animals']"
Lolita,"Vladimir Nabokov, Craig Raine (Afterword)","['Classics', 'Fiction', 'Literature', 'Novels', 'Russia', 'Romance', 'Russian Literature', 'Literary Fiction', '20th Century', 'Adult']"
Slaughterhouse-Five,Kurt Vonnegut Jr.,"['Classics', 'Fiction', 'Science Fiction', 'War', 'Historical Fiction', 'Literature', 'Novels', 'Time Travel', 'American', 'Fantasy']"
Frankenstein: The 1818 Text,"Mary Wollstonecraft Shelley, Charlotte Gordon (Goodreads Author) (Introduction)","['Classics', 'Fiction', 'Horror', 'Science Fiction', 'Gothic', 'Fantasy', 'School', 'Literature', 'Novels', '19th Century']"
The Kite Runner,"Khaled Hosseini (Goodreads Author), Berliani M. Nugrahani (Translator)","['Fiction', 'Historical Fiction', 'Contemporary', 'Classics', 'Novels', 'Historical', 'Literature', 'Adult', 'Adult Fiction', 'Drama']"
The Handmaid's Tale,Margaret Atwood (Goodreads Author),"['Fiction', 'Classics', 'Dystopia', 'Science Fiction', 'Feminism', 'Fantasy', 'Adult', 'Audiobook', 'Literature', 'Novels']"
The Giver,Lois Lowry (Goodreads Author),"['Young Adult', 'Fiction', 'Classics', 'Dystopia', 'Science Fiction', 'Fantasy', 'School', 'Childrens', 'Middle Grade', 'Read For School']"
Catch-22,Joseph Heller,"['Classics', 'Fiction', 'War', 'Historical Fiction', 'Humor', 'Literature', 'Novels', 'Unfinished', 'American', 'Historical']"
Dune,Frank Herbert,"['Science Fiction', 'Fiction', 'Fantasy', 'Classics', 'Science Fiction Fantasy', 'Space Opera', 'Audiobook', 'Novels', 'Adventure', 'Adult']"
The Pillars of the Earth,Ken Follett (Goodreads Author),"['Historical Fiction', 'Fiction', 'Historical', 'Fantasy', 'Classics', 'Medieval', 'Audiobook', 'British Literature', 'Novels', 'Adult']"
The Stand,"Stephen King (Goodreads Author), Bernie Wrightson (Illustrator)","['Horror', 'Fiction', 'Fantasy', 'Science Fiction', 'Post Apocalyptic', 'Thriller', 'Dystopia', 'Apocalyptic', 'Audiobook', 'Classics']"
The Adventures of Sherlock Holmes,Arthur Conan Doyle,"['Classics', 'Mystery', 'Fiction', 'Short Stories', 'Crime', 'Detective', 'Literature', 'Mystery Thriller', 'Adventure', 'Audiobook']"
Watership Down,Richard Adams,"['Classics', 'Fiction', 'Fantasy', 'Young Adult', 'Animals', 'Childrens', 'Adventure', 'Literature', 'Novels', 'Audiobook']"
Great Expectations,"Charles Dickens, Παυλίνα Παμπούδη (Translator), Marisa Sestino (Translator)","['Classics', 'Fiction', 'Literature', 'Historical Fiction', 'School', 'Novels', '19th Century', 'Classic Literature', 'British Literature', 'Victorian']"
Little Women,Louisa May Alcott,"['Classics', 'Fiction', 'Historical Fiction', 'Young Adult', 'Romance', 'Historical', 'Literature', 'Childrens', 'Classic Literature', 'Novels']"
The Bell Jar,Sylvia Plath,"['Classics', 'Fiction', 'Feminism', 'Mental Health', 'Psychology', 'Mental Illness', 'Literature', 'Novels', 'Poetry', 'Adult']"
Harry Potter and the Deathly Hallows,J.K. Rowling,"['Fantasy', 'Young Adult', 'Fiction', 'Magic', 'Childrens', 'Adventure', 'Audiobook', 'Middle Grade', 'Classics', 'Science Fiction Fantasy']"
One Flew Over the Cuckoo's Nest,Ken Kesey,"['Classics', 'Fiction', 'Literature', 'Psychology', 'Novels', 'School', 'Mental Health', 'American', 'Mental Illness', 'Contemporary']"
Anna Karenina,"Leo Tolstoy, Aylmer Maude (Translator), Lev Tolstoi, Louise Maude (Translator), George Gibian (Preface)","['Classics', 'Fiction', 'Romance', 'Russia', 'Historical Fiction', 'Literature', 'Russian Literature', 'Novels', '19th Century', 'Classic Literature']"
Outlander,Diana Gabaldon (Goodreads Author),"['Historical Fiction', 'Romance', 'Fantasy', 'Fiction', 'Time Travel', 'Historical', 'Historical Romance', 'Adult', 'Audiobook', 'Scotland']"
My Sister's Keeper,Jodi Picoult (Goodreads Author),"['Fiction', 'Contemporary', 'Chick Lit', 'Young Adult', 'Drama', 'Adult', 'Adult Fiction', 'Realistic Fiction', 'Family', 'Novels']"
Matilda,"Roald Dahl, Quentin Blake (Illustrator)","['Childrens', 'Fiction', 'Classics', 'Fantasy', 'Young Adult', 'Middle Grade', 'Humor', 'Audiobook', 'Magic', 'Juvenile']"
The Fellowship of the Ring,J.R.R. Tolkien,"['Classics', 'Adventure', 'Science Fiction Fantasy', 'High Fantasy', 'Epic Fantasy', 'Young Adult', 'Novels', 'Magic', 'Literature', 'Audiobook']"
The Girl with the Dragon Tattoo,"Stieg Larsson, Reg Keeland (Translator)","['Fiction', 'Mystery', 'Suspense', 'Contemporary', 'Adult', 'Adult Fiction', 'Sweden', 'Thriller', 'Audiobook', 'Crime']"
Rebecca,Daphne du Maurier,"['Classics', 'Fiction', 'Mystery', 'Romance', 'Gothic', 'Historical Fiction', 'Thriller', 'Suspense', 'Mystery Thriller', 'Adult']"
1984,George Orwell,"['Classics', 'Fiction', 'Science Fiction', 'Dystopia', 'Literature', 'Novels', 'Politics', 'School', 'Fantasy', 'Adult']"
The Color Purple,Alice Walker,"['Classics', 'Fiction', 'Historical Fiction', 'Feminism', 'Historical', 'LGBT', 'African American', 'Literature', 'Novels', 'Adult']"
A Tree Grows in Brooklyn,Betty Smith,"['Classics', 'Fiction', 'Historical Fiction', 'Young Adult', 'Coming Of Age', 'Historical', 'Literature', 'New York', 'Novels', 'Book Club']"
A Clockwork Orange,Anthony Burgess,"['Classics', 'Fiction', 'Science Fiction', 'Dystopia', 'Literature', 'Novels', 'Horror', 'Thriller', 'Crime', 'Modern Classics']"
The Road,Cormac McCarthy,"['Fiction', 'Science Fiction', 'Dystopia', 'Post Apocalyptic', 'Classics', 'Horror', 'Literature', 'Novels', 'Apocalyptic', 'Contemporary']"
The Brothers Karamazov,"Fyodor Dostoyevsky, Fyodor Dostoyevsky, Richard Pevear (Translator), Larissa Volokhonsky (Translator)","['Classics', 'Fiction', 'Russia', 'Literature', 'Russian Literature', 'Philosophy', 'Novels', '19th Century', 'Classic Literature', 'Religion']"
Angela's Ashes,Frank McCourt,"['Nonfiction', 'Memoir', 'Biography', 'Classics', 'Ireland', 'Autobiography', 'Biography Memoir', 'History', 'Irish Literature', 'Historical']"
Vampire Academy,Richelle Mead (Goodreads Author),"['Young Adult', 'Fantasy', 'Vampires', 'Paranormal', 'Romance', 'Urban Fantasy', 'Fiction', 'Supernatural', 'Paranormal Romance', 'Magic']"
Siddhartha,"Hermann Hesse, Hilda Rosner (Translator)","['Classics', 'Fiction', 'Philosophy', 'Religion', 'Spirituality', 'Literature', 'Buddhism', 'German Literature', 'Novels', 'Historical Fiction']"
The Poisonwood Bible,Barbara Kingsolver,"['Fiction', 'Historical Fiction', 'Africa', 'Classics', 'Historical', 'Literary Fiction', 'Literature', 'Novels', 'Religion', 'Adult Fiction']"
The Golden Compass,Philip Pullman,"['Fantasy', 'Young Adult', 'Fiction', 'Childrens', 'Adventure', 'Science Fiction', 'Science Fiction Fantasy', 'Steampunk', 'Middle Grade', 'Audiobook']"
Don Quixote,"Miguel de Cervantes Saavedra, John Rutherford (Translator), Roberto González Echevarría (Introduction)","['Classics', 'Fiction', 'Literature', 'Spanish Literature', 'Adventure', 'Novels', 'Historical Fiction', 'Spain', 'Humor', 'Classic Literature']"
Atlas Shrugged,"Ayn Rand, Leonard Peikoff (Goodreads Author) (Introduction)","['Classics', 'Philosophy', 'Literature', 'Politics', 'Science Fiction', 'Dystopia', 'Economics', 'Novels', 'Audiobook', 'Fiction']"
Harry Potter and the Prisoner of Azkaban,"J.K. Rowling, Mary GrandPré (Illustrator)","['Fantasy', 'Young Adult', 'Fiction', 'Magic', 'Childrens', 'Adventure', 'Middle Grade', 'Audiobook', 'Classics', 'Science Fiction Fantasy']"
The Old Man and the Sea,Ernest Hemingway,"['Classics', 'Fiction', 'Literature', 'Novels', 'American', 'School', 'Adventure', 'Classic Literature', 'Literary Fiction', '20th Century']"
The Notebook,Nicholas Sparks (Goodreads Author),"['Romance', 'Fiction', 'Chick Lit', 'Contemporary', 'Adult', 'Adult Fiction', 'Contemporary Romance', 'Love', 'Drama', 'Classics']"
Winnie-the-Pooh,"A.A. Milne, Ernest H. Shepard (Illustrator)","['Classics', 'Childrens', 'Fiction', 'Fantasy', 'Animals', 'Picture Books', 'Young Adult', 'Audiobook', 'Middle Grade', 'Juvenile']"
The Complete Stories and Poems,Edgar Allan Poe,"['Classics', 'Poetry', 'Horror', 'Fiction', 'Short Stories', 'Mystery', 'Gothic', 'Literature', 'Fantasy', 'Classic Literature']"
Interview with the Vampire,Anne Rice,"['Horror', 'Fantasy', 'Fiction', 'Vampires', 'Paranormal', 'Supernatural', 'Classics', 'Gothic', 'Urban Fantasy', 'Historical Fiction']"
A Prayer for Owen Meany,John Irving (Goodreads Author),"['Fiction', 'Classics', 'Contemporary', 'Literature', 'Literary Fiction', 'Novels', 'Historical Fiction', 'Adult Fiction', 'Coming Of Age', 'American']"
"Moby-Dick or, the Whale","Herman Melville, Andrew Delbanco (Introduction), Tom Quirk (Notes), Rockwell Kent (Illustrator)","['Classics', 'Fiction', 'Literature', 'Adventure', 'Novels', 'Historical Fiction', 'American', 'Classic Literature', '19th Century', 'Unfinished']"
The Red Tent,Anita Diamant (Goodreads Author),"['Historical Fiction', 'Fiction', 'Historical', 'Religion', 'Book Club', 'Feminism', 'Adult', 'Adult Fiction', 'Womens', 'Novels']"
The Secret Life of Bees,Sue Monk Kidd (Goodreads Author),"['Fiction', 'Historical Fiction', 'Young Adult', 'Classics', 'Adult Fiction', 'Historical', 'Contemporary', 'Adult', 'Coming Of Age', 'Chick Lit']"
Harry Potter and the Goblet of Fire,"J.K. Rowling, Mary GrandPré (Illustrator)","['Fantasy', 'Young Adult', 'Fiction', 'Magic', 'Childrens', 'Adventure', 'Audiobook', 'Middle Grade', 'Classics', 'Science Fiction Fantasy']"
Clockwork Angel,"Cassandra Clare (Goodreads Author), Rita Sussekind (Translator)","['Fantasy', 'Young Adult', 'Paranormal', 'Romance', 'Steampunk', 'Historical Fiction', 'Fiction', 'Urban Fantasy', 'Vampires', 'Angels']"
Harry Potter and the Half-Blood Prince,J.K. Rowling,"['Fantasy', 'Young Adult', 'Fiction', 'Magic', 'Childrens', 'Adventure', 'Audiobook', 'Middle Grade', 'Classics', 'Science Fiction Fantasy']"
And Then There Were None,Agatha Christie,"['Mystery', 'Classics', 'Fiction', 'Crime', 'Thriller', 'Mystery Thriller', 'Audiobook', 'Adult', 'Suspense', 'Novels']"
Middlesex,Jeffrey Eugenides,"['Fiction', 'Historical Fiction', 'Contemporary', 'LGBT', 'Literary Fiction', 'Novels', 'Classics', 'Literature', 'Queer', 'Adult']"
The Stranger,"Albert Camus, Matthew Ward (Translator)","['Classics', 'Fiction', 'Philosophy', 'France', 'Literature', 'Novels', 'French Literature', 'School', '20th Century', 'Literary Fiction']"
The Master and Margarita,"Mikhail Bulgakov, Katherine Tiernan O'Connor (Translator), Ellendea Proffer (Annotations and Afterword), Diana Lewis Burgin (Translator)","['Classics', 'Fiction', 'Russia', 'Fantasy', 'Russian Literature', 'Magical Realism', 'Literature', 'Novels', 'Historical Fiction', '20th Century']"
The Name of the Wind,Patrick Rothfuss (Goodreads Author),"['Fantasy', 'Fiction', 'Epic Fantasy', 'High Fantasy', 'Magic', 'Science Fiction Fantasy', 'Adult', 'Adventure', 'Audiobook', 'Epic']"
The Shining,Stephen King (Goodreads Author),"['Horror', 'Fiction', 'Thriller', 'Classics', 'Fantasy', 'Mystery', 'Paranormal', 'Suspense', 'Novels', 'Adult']"
The Adventures of Tom Sawyer,"Mark Twain, Guy Cardwell (Annotations), John Seelye (Introduction)","['Classics', 'Fiction', 'Adventure', 'Young Adult', 'Historical Fiction', 'Literature', 'Childrens', 'School', 'Novels', 'American']"
Eragon,Christopher Paolini (Goodreads Author),"['Fantasy', 'Young Adult', 'Fiction', 'Dragons', 'Adventure', 'Magic', 'High Fantasy', 'Science Fiction Fantasy', 'Young Adult Fantasy', 'Childrens']"
Charlie and the Chocolate Factory,"Roald Dahl, Quentin Blake (Illustrations)","['Childrens', 'Fantasy', 'Fiction', 'Classics', 'Young Adult', 'Middle Grade', 'Humor', 'Adventure', 'Juvenile', 'Novels']"
Flowers for Algernon,Daniel Keyes,"['Fiction', 'Classics', 'Science Fiction', 'Young Adult', 'Literature', 'Psychology', 'School', 'Novels', 'Adult', 'Read For School']"
On the Road,Jack Kerouac,"['Classics', 'Fiction', 'Travel', 'Literature', 'Novels', 'American', 'Adventure', '20th Century', 'Unfinished', 'Modern Classics']"
The Metamorphosis,"Franz Kafka, Stanley Corngold (Translator), Mircea Ivănescu (Translator)","['Classics', 'Fiction', 'Fantasy', 'Literature', 'Short Stories', 'Philosophy', 'School', 'German Literature', 'Horror', 'Novels']"
Looking for Alaska,John Green (Goodreads Author),"['Young Adult', 'Fiction', 'Contemporary', 'Romance', 'Realistic Fiction', 'Coming Of Age', 'Teen', 'Mystery', 'Young Adult Contemporary', 'High School']"
The Shadow of the Wind,"Carlos Ruiz Zafón, Lucia Graves (Translator)","['Fiction', 'Historical Fiction', 'Mystery', 'Fantasy', 'Books About Books', 'Historical', 'Spain', 'Spanish Literature', 'Gothic', 'Magical Realism']"
The Curious Incident of the Dog in the Night-Time,Mark Haddon,"['Fiction', 'Mystery', 'Young Adult', 'Contemporary', 'Novels', 'Classics', 'Psychology', 'Literature', 'Realistic Fiction', 'Adult Fiction']"
The Very Hungry Caterpillar,Eric Carle,"['Picture Books', 'Childrens', 'Fiction', 'Classics', 'Animals', 'Food', 'Counting', 'Storytime', 'Kids', 'Mathematics']"
Tuesdays with Morrie,Mitch Albom (Goodreads Author),"['Nonfiction', 'Memoir', 'Biography', 'Inspirational', 'Classics', 'Philosophy', 'Self Help', 'Contemporary', 'Adult', 'Biography Memoir']"
The Unbearable Lightness of Being,"Milan Kundera, Michael Henry Heim (Translator)","['Fiction', 'Classics', 'Philosophy', 'Literature', 'Novels', 'Czech Literature', 'Romance', 'Contemporary', 'Literary Fiction', '20th Century']"
The Name of the Rose,"Umberto Eco, William Weaver (Translator)","['Fiction', 'Historical Fiction', 'Mystery', 'Classics', 'Historical', 'Literature', 'Crime', 'Italian Literature', 'Italy', 'Novels']"
Where the Red Fern Grows,Wilson Rawls,"['Classics', 'Fiction', 'Young Adult', 'Childrens', 'Animals', 'Historical Fiction', 'Middle Grade', 'School', 'Realistic Fiction', 'Read For School']"
Harry Potter and the Chamber of Secrets,"J.K. Rowling, Mary GrandPré (Illustrator)","['Fantasy', 'Young Adult', 'Fiction', 'Magic', 'Childrens', 'Middle Grade', 'Adventure', 'Audiobook', 'Classics', 'Science Fiction Fantasy']"
The Godfather,"Mario Puzo, Robert Thompson (Introduction), Peter Bart (Afterword)","['Fiction', 'Classics', 'Crime', 'Thriller', 'Historical Fiction', 'Mystery', 'Drama', 'Novels', 'Literature', 'American']"
The Scarlet Letter,"Nathaniel Hawthorne, Thomas E. Connolly (Annotations), Nina Baym (Introduction)","['Classics', 'Fiction', 'Historical Fiction', 'School', 'Literature', 'High School', 'Read For School', 'Historical', 'Classic Literature', 'American']"
In Cold Blood,Truman Capote,"['Nonfiction', 'Classics', 'True Crime', 'Crime', 'Mystery', 'History', 'Literature', 'Thriller', 'American', 'Biography']"
Fight Club,Chuck Palahniuk (Goodreads Author),"['Fiction', 'Contemporary', 'Classics', 'Thriller', 'Novels', 'Mystery', 'Adult', 'Literature', 'American', 'Adult Fiction']"
The Five People You Meet in Heaven,Mitch Albom (Goodreads Author),"['Fiction', 'Inspirational', 'Contemporary', 'Fantasy', 'Adult', 'Spirituality', 'Classics', 'Adult Fiction', 'Philosophy', 'Novels']"
"Hush, Hush",Becca Fitzpatrick (Goodreads Author),"['Young Adult', 'Fantasy', 'Romance', 'Paranormal', 'Angels', 'Paranormal Romance', 'Supernatural', 'Fiction', 'Urban Fantasy', 'Young Adult Fantasy']"
The Cat in the Hat,Dr. Seuss,"['Childrens', 'Picture Books', 'Classics', 'Fiction', 'Poetry', 'Fantasy', 'Humor', 'Animals', 'Kids', 'Cats']"
American Gods,Neil Gaiman (Goodreads Author),"['Fantasy', 'Fiction', 'Urban Fantasy', 'Mythology', 'Audiobook', 'Science Fiction', 'Science Fiction Fantasy', 'Adult', 'Contemporary', 'Novels']"
The Count of Monte Cristo,"Alexandre Dumas, Robin Buss (Translator)","['Classics', 'Fiction', 'Historical Fiction', 'Adventure', 'Literature', 'France', 'Historical', 'Classic Literature', 'Novels', 'Romance']"
Lonesome Dove,Larry McMurtry,"['Fiction', 'Historical Fiction', 'Westerns', 'Classics', 'Historical', 'Adventure', 'Novels', 'Literature', 'Audiobook', 'American']"
Perfume: The Story of a Murderer,"Patrick Süskind, John E. Woods (Translator)","['Fiction', 'Classics', 'Historical Fiction', 'Horror', 'Mystery', 'Thriller', 'Crime', 'Historical', 'German Literature', 'Novels']"
Holes,Louis Sachar (Goodreads Author),"['Young Adult', 'Fiction', 'Childrens', 'Middle Grade', 'Realistic Fiction', 'Classics', 'Mystery', 'Adventure', 'School', 'Contemporary']"
"The Lion, the Witch and the Wardrobe",C.S. Lewis,"['Fantasy', 'Classics', 'Fiction', 'Young Adult', 'Childrens', 'Adventure', 'Middle Grade', 'Christian', 'Magic', 'Christian Fiction']"
Watchmen,"Alan Moore (Goodreads Author), Dave Gibbons (Illustrator/Letterer), John Higgins (Colorist)","['Graphic Novels', 'Comics', 'Fiction', 'Science Fiction', 'Fantasy', 'Graphic Novels Comics', 'Comic Book', 'Classics', 'Superheroes', 'Dystopia']"
It,Stephen King (Goodreads Author),"['Horror', 'Fiction', 'Thriller', 'Fantasy', 'Audiobook', 'Mystery', 'Adult', 'Paranormal', 'Classics', 'Novels']"
The Last Olympian,Rick Riordan (Goodreads Author),"['Fantasy', 'Young Adult', 'Mythology', 'Fiction', 'Middle Grade', 'Adventure', 'Childrens', 'Greek Mythology', 'Urban Fantasy', 'Magic']"
The Little House Collection,"Laura Ingalls Wilder, Garth Williams (Illustrator)","['Classics', 'Historical Fiction', 'Childrens', 'Fiction', 'Young Adult', 'Historical', 'Middle Grade', 'Juvenile', 'Literature', 'Kids']"
The Divine Comedy,"Dante Alighieri, Allen Mandelbaum (Translator), Eugenio Montale (Introduction)","['Classics', 'Poetry', 'Fiction', 'Literature', 'Religion', 'Philosophy', 'Fantasy', 'Italian Literature', 'Italy', 'Classic Literature']"
Peter Pan,"J.M. Barrie, Michael Hague (Illustrator)","['Classics', 'Fantasy', 'Fiction', 'Childrens', 'Adventure', 'Young Adult', 'Audiobook', 'Middle Grade', 'Fairy Tales', 'Literature']"
All Quiet on the Western Front,"Erich Maria Remarque, Arthur Wesley Wheen (Translator)","['Classics', 'Fiction', 'Historical Fiction', 'War', 'Historical', 'Literature', 'School', 'German Literature', 'World War I', 'Novels']"
"The Hobbit, or There and Back Again",J.R.R. Tolkien,"['Fantasy', 'Classics', 'Fiction', 'Adventure', 'Young Adult', 'Science Fiction Fantasy', 'High Fantasy', 'Childrens', 'Epic Fantasy', 'Novels']"
The Compleat Works of Wllm Shkspr (abridged),"Reduced Shakespeare Company, Adam Long (Contributor), Daniel Singer (Contributor), Jess Winfield (Editor)","['Plays', 'Classics', 'Humor', 'Fiction', 'Drama', 'Theatre', 'Comedy', 'Poetry', 'Literature', 'Adult']"
Love in the Time of Cholera,"Gabriel García Márquez, Edith Grossman (Translator)","['Fiction', 'Classics', 'Historical Fiction', 'Romance', 'Magical Realism', 'Literature', 'Novels', 'Spanish Literature', 'Literary Fiction', 'Historical']"
Shadow Kiss,Richelle Mead (Goodreads Author),"['Young Adult', 'Vampires', 'Fantasy', 'Paranormal', 'Romance', 'Urban Fantasy', 'Paranormal Romance', 'Supernatural', 'Fiction', 'Magic']"
Insurgent,Veronica Roth (Goodreads Author),"['Young Adult', 'Dystopia', 'Fiction', 'Fantasy', 'Science Fiction', 'Romance', 'Adventure', 'Teen', 'Post Apocalyptic', 'Action']"
The Thorn Birds,Colleen McCullough,"['Fiction', 'Historical Fiction', 'Romance', 'Classics', 'Australia', 'Historical', 'Historical Romance', 'Novels', 'Drama', 'Adult']"
A Walk to Remember,Nicholas Sparks (Goodreads Author),"['Romance', 'Fiction', 'Chick Lit', 'Contemporary', 'Young Adult', 'Adult', 'Adult Fiction', 'Drama', 'Contemporary Romance', 'Love']"
How the Grinch Stole Christmas!,Dr. Seuss,"['Childrens', 'Picture Books', 'Christmas', 'Classics', 'Fiction', 'Poetry', 'Holiday', 'Fantasy', 'Humor', 'Kids']"
The Ultimate Hitchhiker's Guide to the Galaxy,Douglas Adams,"['Science Fiction', 'Fiction', 'Humor', 'Fantasy', 'Classics', 'Comedy', 'Science Fiction Fantasy', 'Adventure', 'Novels', 'British Literature']"
Atonement,Ian McEwan,"['Fiction', 'Historical Fiction', 'Romance', 'Classics', 'Historical', 'War', 'Literary Fiction', 'Contemporary', 'Literature', 'Novels']"
The Importance of Being Earnest,Oscar Wilde,"['Classics', 'Plays', 'Fiction', 'Drama', 'Humor', 'Literature', 'School', 'Comedy', 'Theatre', 'Romance']"
"Eat, Pray, Love",Elizabeth Gilbert (Goodreads Author),"['Nonfiction', 'Memoir', 'Travel', 'Biography', 'Chick Lit', 'Romance', 'Spirituality', 'Contemporary', 'Biography Memoir', 'Autobiography']"
Their Eyes Were Watching God,Zora Neale Hurston,"['Classics', 'Fiction', 'Historical Fiction', 'School', 'African American', 'Literature', 'Novels', 'Feminism', 'Read For School', 'High School']"
The Three Musketeers,Alexandre Dumas,"['Classics', 'Fiction', 'Historical Fiction', 'Adventure', 'France', 'Literature', 'Historical', 'French Literature', 'Classic Literature', 'Novels']"
The Wonderful Wizard of Oz,"L. Frank Baum, W.W. Denslow (Illustrator)","['Classics', 'Fantasy', 'Fiction', 'Childrens', 'Young Adult', 'Adventure', 'Audiobook', 'Middle Grade', 'Magic', 'Literature']"
Frostbite,Richelle Mead (Goodreads Author),"['Young Adult', 'Vampires', 'Fantasy', 'Paranormal', 'Romance', 'Urban Fantasy', 'Paranormal Romance', 'Supernatural', 'Fiction', 'Magic']"
Goodnight Moon,"Margaret Wise Brown, Clement Hurd (Illustrator)","['Childrens', 'Picture Books', 'Classics', 'Fiction', 'Poetry', 'Kids', 'Animals', 'Juvenile', 'Young Adult', 'Storytime']"
The Lorax,Dr. Seuss,"['Childrens', 'Picture Books', 'Fiction', 'Classics', 'Poetry', 'Fantasy', 'Environment', 'Young Adult', 'Kids', 'Juvenile']"
"Good Omens: The Nice and Accurate Prophecies of Agnes Nutter, Witch","Terry Pratchett, Neil Gaiman (Goodreads Author)","['Fantasy', 'Fiction', 'Humor', 'Urban Fantasy', 'Comedy', 'Audiobook', 'Science Fiction Fantasy', 'Adult', 'Science Fiction', 'Supernatural']"
Blood Promise,Richelle Mead (Goodreads Author),"['Young Adult', 'Vampires', 'Fantasy', 'Paranormal', 'Romance', 'Urban Fantasy', 'Paranormal Romance', 'Supernatural', 'Fiction', 'Magic']"
Tess of the D'Urbervilles,"Thomas Hardy, Margaret R. Higonnet (Introduction), Maria Grazia Griffini (Translator), Tim Dolin (Notes)","['Classics', 'Fiction', 'Romance', 'Literature', 'Historical Fiction', '19th Century', 'Victorian', 'Classic Literature', 'Novels', 'British Literature']"
The Good Earth,Pearl S. Buck,"['Classics', 'Fiction', 'Historical Fiction', 'China', 'Literature', 'Historical', 'Asia', 'Novels', 'School', 'Classic Literature']"
Heart of Darkness,"Joseph Conrad, Aníbal Fernandes (Translator)","['Classics', 'Fiction', 'Literature', 'Africa', 'Historical Fiction', 'School', 'Novels', 'Read For School', 'Adventure', 'High School']"
The Battle of the Labyrinth,Rick Riordan (Goodreads Author),"['Fantasy', 'Young Adult', 'Mythology', 'Fiction', 'Middle Grade', 'Adventure', 'Childrens', 'Greek Mythology', 'Urban Fantasy', 'Magic']"
A Midsummer Night's Dream,"William Shakespeare, Paul Werstine (Editor), Barbara A. Mowat (Editor), Catherine Belsey (Contributor)","['Classics', 'Plays', 'Fiction', 'Drama', 'Fantasy', 'School', 'Romance', 'Literature', 'Theatre', 'Poetry']"
Clockwork Princess,Cassandra Clare (Goodreads Author),"['Fantasy', 'Young Adult', 'Romance', 'Paranormal', 'Steampunk', 'Historical Fiction', 'Urban Fantasy', 'Angels', 'Fiction', 'Historical']"
The Prophet,Kahlil Gibran,"['Poetry', 'Philosophy', 'Classics', 'Fiction', 'Spirituality', 'Religion', 'Literature', 'Inspirational', 'Self Help', 'Novels']"
The Mists of Avalon,Marion Zimmer Bradley,"['Fantasy', 'Fiction', 'Historical Fiction', 'Arthurian', 'Mythology', 'Science Fiction Fantasy', 'Historical', 'Classics', 'Romance', 'Magic']"
The Titan's Curse,Rick Riordan (Goodreads Author),"['Fantasy', 'Young Adult', 'Mythology', 'Fiction', 'Middle Grade', 'Adventure', 'Childrens', 'Greek Mythology', 'Urban Fantasy', 'Magic']"
The Sea of Monsters,Rick Riordan (Goodreads Author),"['Fantasy', 'Young Adult', 'Mythology', 'Fiction', 'Middle Grade', 'Adventure', 'Childrens', 'Urban Fantasy', 'Greek Mythology', 'Magic']"
The Joy Luck Club,Amy Tan (Goodreads Author),"['Fiction', 'Historical Fiction', 'Classics', 'China', 'Contemporary', 'Adult Fiction', 'Adult', 'Literature', 'Asia', 'Novels']"
Alice in Wonderland,"Jane Carruth (Adapted By), Lewis Carroll (Original Story By), Rene Cloke (Illustrator)","['Classics', 'Fantasy', 'Fiction', 'Childrens', 'Young Adult', 'Adventure', 'Literature', 'Novels', 'Classic Literature', 'Middle Grade']"
The Call of the Wild,"Jack London, Avi (Introduction)","['Classics', 'Fiction', 'Adventure', 'Young Adult', 'Animals', 'Historical Fiction', 'Literature', 'School', 'Childrens', 'Novels']"
Jonathan Livingston Seagull,"Richard Bach (Goodreads Author), Russell Munson (Photographer)","['Fiction', 'Classics', 'Philosophy', 'Fantasy', 'Spirituality', 'Inspirational', 'Self Help', 'Literature', 'Novels', 'Animals']"
Madame Bovary,"Gustave Flaubert, Mark Overstall (Contributor), Paul De Man (Editor), Malcolm Bowie (Introduction), Margaret Mauldon (Translator)","['Classics', 'Fiction', 'France', 'Literature', 'French Literature', 'Romance', '19th Century', 'Novels', 'Historical Fiction', 'Classic Literature']"
The Phantom Tollbooth,"Norton Juster, Jules Feiffer (Illustrator)","['Fantasy', 'Fiction', 'Childrens', 'Classics', 'Young Adult', 'Middle Grade', 'Adventure', 'Humor', 'Science Fiction Fantasy', 'Juvenile']"
Bridge to Terabithia,Katherine Paterson,"['Young Adult', 'Fiction', 'Classics', 'Childrens', 'Fantasy', 'Middle Grade', 'Realistic Fiction', 'School', 'Juvenile', 'Contemporary']"
The Hunger Games Trilogy Boxset,"Suzanne Collins, Guillaume Fournier (Translator), Pilar Ramírez Tello (Goodreads Author) (Translator), Hanna Hörl (Illustrator), Sylke Hachmeister (Translator), Peter Klöss (Translator)","['Young Adult', 'Fiction', 'Fantasy', 'Dystopia', 'Science Fiction', 'Romance', 'Adventure', 'Teen', 'Action', 'Novels']"
"Oh, the Places You'll Go!",Dr. Seuss,"['Childrens', 'Picture Books', 'Fiction', 'Classics', 'Poetry', 'Fantasy', 'Young Adult', 'Inspirational', 'Kids', 'Humor']"
The Girl Who Played with Fire,"Stieg Larsson, Reg Keeland (Translator)","['Fiction', 'Mystery', 'Thriller', 'Crime', 'Mystery Thriller', 'Suspense', 'Contemporary', 'Sweden', 'Adult', 'Audiobook']"
The Maze Runner,James Dashner (Goodreads Author),"['Young Adult', 'Dystopia', 'Science Fiction', 'Fiction', 'Fantasy', 'Adventure', 'Post Apocalyptic', 'Mystery', 'Teen', 'Audiobook']"
The Neverending Story,"Michael Ende, Ralph Manheim (Translator), Roswitha Quadflieg (Illustrator)","['Fantasy', 'Classics', 'Fiction', 'Young Adult', 'Childrens', 'Adventure', 'German Literature', 'Middle Grade', 'Science Fiction Fantasy', 'Books About Books']"
Oliver Twist,"Charles Dickens, Philip Horne (Introduction), Gerald Dickens (Narrator), 查尔斯·狄更斯, 吴倩卓 (Translator)","['Classics', 'Fiction', 'Historical Fiction', 'Literature', 'Novels', '19th Century', 'Classic Literature', 'British Literature', 'Victorian', 'Historical']"
Ulysses,"James Joyce, Morris L. Ernst (Foreword), John M. Woolsey (Foreword)","['Classics', 'Fiction', 'Literature', 'Novels', 'Ireland', 'Irish Literature', 'Unfinished', '20th Century', 'Literary Fiction', 'Banned Books']"
Treasure Island,"Robert Louis Stevenson, David W. Whitehead (Introduction), Richard S. Hartmetz (Goodreads Author) (Editor)","['Classics', 'Fiction', 'Adventure', 'Young Adult', 'Historical Fiction', 'Childrens', 'Literature', 'Pirates', 'Fantasy', 'Novels']"
Fifty Shades of Grey,E.L. James (Goodreads Author),"['Romance', 'Fiction', 'Erotica', 'Adult', 'BDSM', 'Contemporary', 'Chick Lit', 'Contemporary Romance', 'Erotic Romance', 'Adult Fiction']"
The Clan of the Cave Bear,Jean M. Auel,"['Historical Fiction', 'Fiction', 'Fantasy', 'Historical', 'Classics', 'Romance', 'Adventure', 'Prehistoric', 'Adult', 'Novels']"
A Storm of Swords,George R.R. Martin,"['Fantasy', 'Fiction', 'Epic Fantasy', 'Science Fiction Fantasy', 'High Fantasy', 'Adult', 'Adventure', 'Dragons', 'Audiobook', 'Epic']"
The Canterbury Tales,"Geoffrey Chaucer, Nevill Coghill (Translator)","['Classics', 'Fiction', 'Poetry', 'Literature', 'School', 'Medieval', 'Short Stories', 'Historical Fiction', 'Classic Literature', 'Read For School']"
The World According to Garp,John Irving (Goodreads Author),"['Fiction', 'Classics', 'Contemporary', 'Literature', 'Novels', 'Literary Fiction', 'Humor', 'American', 'Adult Fiction', 'Drama']"
A Farewell to Arms,Ernest Hemingway,"['Classics', 'Fiction', 'Historical Fiction', 'War', 'Literature', 'Novels', 'American', 'Romance', 'Classic Literature', 'School']"
David Copperfield,"Charles Dickens, Jeremy Tambling (Introduction)","['Classics', 'Fiction', 'Literature', 'Historical Fiction', 'Novels', '19th Century', 'British Literature', 'Classic Literature', 'Victorian', 'Audiobook']"
Tote Mädchen lügen nicht,"Jay Asher (Goodreads Author), Knut Krüger (Übersetzer)","['Young Adult', 'Contemporary', 'Fiction', 'Realistic Fiction', 'Mystery', 'Mental Health', 'Teen', 'Audiobook', 'Romance', 'High School']"
Wicked: The Life and Times of the Wicked Witch of the West,"Gregory Maguire, Douglas Smith (Illustrator)","['Fantasy', 'Fiction', 'Adult', 'Science Fiction Fantasy', 'Retellings', 'Adult Fiction', 'Magic', 'Witches', 'Fairy Tales', 'Classics']"
Shōgun,James Clavell,"['Historical Fiction', 'Fiction', 'Japan', 'Historical', 'Classics', 'Adventure', 'Asia', 'Literature', 'Novels', 'Japanese Literature']"
Extremely Loud & Incredibly Close,Jonathan Safran Foer (Goodreads Author),"['Fiction', 'Contemporary', 'Historical Fiction', 'Novels', 'Adult Fiction', 'Adult', 'Literary Fiction', 'Literature', 'New York', 'Young Adult']"
Murder on the Orient Express,Agatha Christie,"['Mystery', 'Classics', 'Fiction', 'Crime', 'Mystery Thriller', 'Audiobook', 'Thriller', 'Detective', 'Adult', 'British Literature']"
His Dark Materials,Philip Pullman,"['Fantasy', 'Young Adult', 'Fiction', 'Childrens', 'Science Fiction Fantasy', 'Science Fiction', 'Adventure', 'Classics', 'Steampunk', 'Magic']"
A Little Princess,"Frances Hodgson Burnett, Nancy Bond (Foreword)","['Classics', 'Fiction', 'Childrens', 'Young Adult', 'Historical Fiction', 'Middle Grade', 'Historical', 'Literature', 'Juvenile', 'Novels']"
The Other Boleyn Girl,Philippa Gregory (Goodreads Author),"['Historical Fiction', 'Fiction', 'Historical', 'Romance', 'Adult', 'British Literature', 'Historical Romance', 'Tudor Period', 'Chick Lit', 'Adult Fiction']"
Schindler's List,Thomas Keneally,"['History', 'Nonfiction', 'Classics', 'Holocaust', 'War', 'Historical', 'World War II', 'Biography', 'Literature', 'Media Tie In']"
The Boy in the Striped Pajamas,John Boyne,"['Historical Fiction', 'Fiction', 'Young Adult', 'Historical', 'Holocaust', 'War', 'Classics', 'World War II', 'School', 'Childrens']"
Jurassic Park,Michael Crichton,"['Science Fiction', 'Fiction', 'Thriller', 'Adventure', 'Fantasy', 'Horror', 'Classics', 'Science Fiction Fantasy', 'Dinosaurs', 'Suspense']"
Last Sacrifice,Richelle Mead (Goodreads Author),"['Young Adult', 'Vampires', 'Fantasy', 'Paranormal', 'Romance', 'Urban Fantasy', 'Paranormal Romance', 'Supernatural', 'Fiction', 'Magic']"
The Night Circus,Erin Morgenstern (Goodreads Author),"['Fantasy', 'Fiction', 'Romance', 'Historical Fiction', 'Magic', 'Young Adult', 'Magical Realism', 'Adult', 'Audiobook', 'Historical']"
Fallen,Lauren Kate (Goodreads Author),"['Young Adult', 'Fantasy', 'Romance', 'Paranormal', 'Angels', 'Paranormal Romance', 'Fiction', 'Supernatural', 'Urban Fantasy', 'Teen']"
The Silmarillion,"J.R.R. Tolkien, Christopher Tolkien (Editor), Ted Nasmith (Illustrator)","['Fantasy', 'Fiction', 'Classics', 'High Fantasy', 'Science Fiction Fantasy', 'Epic Fantasy', 'Mythology', 'Literature', 'Novels', 'Adventure']"
The Secret Magdalene,Ki Longfellow (Goodreads Author),"['Historical Fiction', 'Fiction', 'Religion', 'Historical', 'Spirituality', 'Novels', 'Contemporary', 'Biblical Fiction', 'Literature', 'Biblical']"
Beloved,Toni Morrison,"['Fiction', 'Classics', 'Historical Fiction', 'Magical Realism', 'Literature', 'African American', 'Historical', 'Novels', 'School', 'Literary Fiction']"
The Trial,"Franz Kafka, Max Brod (Afterword), Willa Muir (Translator), Edwin Muir (Translator)","['Classics', 'Fiction', 'Literature', 'Philosophy', 'German Literature', 'Novels', 'Dystopia', '20th Century', 'Czech Literature', 'Literary Fiction']"
A Confederacy of Dunces,"John Kennedy Toole, Walker Percy (Foreword)","['Fiction', 'Classics', 'Humor', 'Literature', 'Comedy', 'Novels', 'American', 'Literary Fiction', 'Audiobook', 'Contemporary']"
The Sun Also Rises,Ernest Hemingway,"['Classics', 'Fiction', 'Literature', 'Novels', 'American', 'Historical Fiction', 'Spain', 'School', 'Classic Literature', '20th Century']"
The Selection,Kiera Cass (Goodreads Author),"['Young Adult', 'Romance', 'Dystopia', 'Fantasy', 'Fiction', 'Science Fiction', 'Audiobook', 'Teen', 'Chick Lit', 'Young Adult Fantasy']"
The Velveteen Rabbit,"Margery Williams Bianco, William Nicholson (Illustrator)","['Childrens', 'Classics', 'Fiction', 'Picture Books', 'Fantasy', 'Animals', 'Young Adult', 'Juvenile', 'Kids', 'Short Stories']"
Catching Fire,Suzanne Collins,"['Young Adult', 'Dystopia', 'Fiction', 'Fantasy', 'Science Fiction', 'Romance', 'Adventure', 'Teen', 'Post Apocalyptic', 'Action']"
The Lost Hero,Rick Riordan (Goodreads Author),"['Fantasy', 'Young Adult', 'Mythology', 'Fiction', 'Middle Grade', 'Adventure', 'Childrens', 'Greek Mythology', 'Urban Fantasy', 'Young Adult Fantasy']"
Throne of Glass,Sarah J. Maas (Goodreads Author),"['Fantasy', 'Young Adult', 'Romance', 'Fiction', 'Magic', 'Young Adult Fantasy', 'High Fantasy', 'New Adult', 'Adventure', 'Paranormal']"
Spirit Bound,Richelle Mead (Goodreads Author),"['Young Adult', 'Vampires', 'Fantasy', 'Paranormal', 'Romance', 'Urban Fantasy', 'Paranormal Romance', 'Supernatural', 'Fiction', 'Magic']"
Clockwork Prince,Cassandra Clare (Goodreads Author),"['Fantasy', 'Young Adult', 'Romance', 'Paranormal', 'Steampunk', 'Historical Fiction', 'Urban Fantasy', 'Fiction', 'Angels', 'Vampires']"
The Iliad/The Odyssey,"Homer, Robert Fagles (Translator), Bernard Knox (Introduction)","['Classics', 'Fiction', 'Poetry', 'Mythology', 'Literature', 'Fantasy', 'Historical Fiction', 'School', 'Adventure', 'Historical']"
The Crucible,"Arthur Miller, Christopher Bigs(Introduction)","['Classics', 'Plays', 'Fiction', 'Historical Fiction', 'Drama', 'School', 'Read For School', 'Historical', 'High School', 'Literature']"
Cat's Cradle,Kurt Vonnegut Jr.,"['Fiction', 'Classics', 'Science Fiction', 'Humor', 'Literature', 'Novels', 'Dystopia', 'American', 'Fantasy', '20th Century']"
The God of Small Things,"Arundhati Roy (Goodreads Author), Claude Demanuelli (Translator), Barbara Auer (Narrator), Diana Quick (Reading), Luana Stoica (trad.), Donada Peters (Narrator), Josep Julià Ballbé (Translator)","['Fiction', 'India', 'Historical Fiction', 'Contemporary', 'Novels', 'Indian Literature', 'Literary Fiction', 'Literature', 'Classics', 'Asia']"
The Wind in the Willows,"Kenneth Grahame, Gillian Avery (Introduction)","['Classics', 'Fiction', 'Childrens', 'Fantasy', 'Animals', 'Young Adult', 'Adventure', 'Literature', 'Middle Grade', 'Audiobook']"
The Screwtape Letters,C.S. Lewis,"['Fiction', 'Classics', 'Christian', 'Religion', 'Christianity', 'Fantasy', 'Theology', 'Christian Fiction', 'Faith', 'Philosophy']"
Girl with a Pearl Earring,Tracy Chevalier (Goodreads Author),"['Historical Fiction', 'Fiction', 'Historical', 'Classics', 'Art', 'Romance', 'Adult Fiction', 'Adult', 'Novels', 'Literature']"
The Hiding Place: The Triumphant True Story of Corrie Ten Boom,"Corrie ten Boom, John Sherrill, Elizabeth Sherrill (Goodreads Author)","['Nonfiction', 'Biography', 'History', 'Christian', 'Classics', 'Memoir', 'Holocaust', 'World War II', 'Historical', 'Autobiography']"
A Light in the Attic,Shel Silverstein,"['Poetry', 'Childrens', 'Classics', 'Fiction', 'Humor', 'Young Adult', 'Picture Books', 'Juvenile', 'Middle Grade', 'Banned Books']"
The Silence of the Lambs,Thomas Harris,"['Horror', 'Fiction', 'Thriller', 'Mystery', 'Crime', 'Suspense', 'Mystery Thriller', 'Classics', 'Novels', 'Drama']"
Shiver,Maggie Stiefvater (Goodreads Author),"['Young Adult', 'Fantasy', 'Romance', 'Paranormal', 'Werewolves', 'Fiction', 'Paranormal Romance', 'Supernatural', 'Urban Fantasy', 'Teen']"
Uglies,Scott Westerfeld (Goodreads Author),"['Young Adult', 'Dystopia', 'Science Fiction', 'Fiction', 'Fantasy', 'Romance', 'Teen', 'Adventure', 'Post Apocalyptic', 'Science Fiction Fantasy']"
City of Fallen Angels,Cassandra Clare (Goodreads Author),"['Fantasy', 'Young Adult', 'Paranormal', 'Romance', 'Urban Fantasy', 'Vampires', 'Fiction', 'Angels', 'Supernatural', 'Magic']"
Man's Search for Meaning,"Viktor E. Frankl, Harold S. Kushner (Foreword), William J. Winslade (Afterword), Isle Lasch (Translator)","['Nonfiction', 'Psychology', 'Philosophy', 'History', 'Memoir', 'Self Help', 'Biography', 'Classics', 'Holocaust', 'Spirituality']"
She's Come Undone,Wally Lamb (Goodreads Author),"['Fiction', 'Contemporary', 'Chick Lit', 'Adult Fiction', 'Novels', 'Coming Of Age', 'Adult', 'Literary Fiction', 'Drama', 'Mental Illness']"
The Phantom of the Opera,"Gaston Leroux, Alexander Teixeira de Mattos (Translator)","['Classics', 'Fiction', 'Horror', 'Romance', 'Gothic', 'Mystery', 'Historical Fiction', 'France', 'Literature', 'Fantasy']"
Marley and Me: Life and Love With the World's Worst Dog,John Grogan,"['Nonfiction', 'Animals', 'Memoir', 'Dogs', 'Biography', 'Humor', 'Biography Memoir', 'Adult', 'Contemporary', 'Autobiography']"
Ella Enchanted,Gail Carson Levine (Goodreads Author),"['Fantasy', 'Young Adult', 'Fiction', 'Romance', 'Fairy Tales', 'Childrens', 'Middle Grade', 'Retellings', 'Magic', 'Adventure']"
The Wind-Up Bird Chronicle,"Haruki Murakami, Jay Rubin (Translator)","['Fiction', 'Magical Realism', 'Japan', 'Japanese Literature', 'Fantasy', 'Contemporary', 'Literature', 'Novels', 'Mystery', 'Asia']"
Cinder,Marissa Meyer (Goodreads Author),"['Young Adult', 'Fantasy', 'Science Fiction', 'Romance', 'Dystopia', 'Retellings', 'Fiction', 'Fairy Tales', 'Audiobook', 'Young Adult Fantasy']"
The Green Mile,Stephen King (Goodreads Author),"['Horror', 'Fiction', 'Fantasy', 'Thriller', 'Mystery', 'Supernatural', 'Paranormal', 'Crime', 'Drama', 'Historical Fiction']"
Blindness,José Saramago,"['Fiction', 'Dystopia', 'Science Fiction', 'Classics', 'Novels', 'Literature', 'Portugal', 'Horror', 'Portuguese Literature', 'Contemporary']"
A Clash of Kings,George R.R. Martin,"['Fantasy', 'Fiction', 'Epic Fantasy', 'Science Fiction Fantasy', 'High Fantasy', 'Adult', 'Adventure', 'Dragons', 'Audiobook', 'Epic']"
The Sound and the Fury,William Faulkner,"['Classics', 'Fiction', 'Literature', 'Novels', 'American', '20th Century', 'Southern Gothic', 'Southern', 'Literary Fiction', 'School']"
The Shack,William Paul Young,"['Fiction', 'Christian', 'Christian Fiction', 'Religion', 'Spirituality', 'Faith', 'Inspirational', 'Christianity', 'Adult Fiction', 'Adult']"
Marked,"P.C. Cast (Goodreads Author), Kristin Cast (Goodreads Author)","['Young Adult', 'Vampires', 'Fantasy', 'Paranormal', 'Romance', 'Fiction', 'Supernatural', 'Urban Fantasy', 'Paranormal Romance', 'Teen']"
The Guernsey Literary and Potato Peel Pie Society,"Mary Ann Shaffer, Annie Barrows","['Historical Fiction', 'Fiction', 'Historical', 'Romance', 'World War II', 'Book Club', 'War', 'Adult', 'Adult Fiction', 'Books About Books']"
For Whom the Bell Tolls,Ernest Hemingway,"['Classics', 'Fiction', 'Literature', 'Historical Fiction', 'War', 'Novels', 'American', 'Spain', 'Classic Literature', 'Literary Fiction']"
Fear and Loathing in Las Vegas,"Hunter S. Thompson, Ralph Steadman (Illustrator)","['Fiction', 'Classics', 'Humor', 'Journalism', 'Novels', 'American', 'Literature', 'Contemporary', 'Travel', 'Comedy']"
The House of the Spirits,"Isabel Allende (Goodreads Author), Magda Bogin (Translator)","['Fiction', 'Magical Realism', 'Historical Fiction', 'Classics', 'Fantasy', 'Spanish Literature', 'Literature', 'Historical', 'Novels', 'Latin American']"
The Complete Calvin and Hobbes,Bill Watterson,"['Comics', 'Humor', 'Graphic Novels', 'Fiction', 'Comedy', 'Classics', 'Graphic Novels Comics', 'Comic Strips', 'Childrens', 'Comic Book']"
Roots: The Saga of an American Family,Alex Haley,"['Historical Fiction', 'Fiction', 'Classics', 'Historical', 'African American', 'Africa', 'Race', 'Literature', 'Audiobook', 'Novels']"
Misery,Stephen King (Goodreads Author),"['Horror', 'Fiction', 'Thriller', 'Suspense', 'Mystery', 'Novels', 'Adult', 'Mystery Thriller', 'Crime', 'Drama']"
Howl's Moving Castle,Diana Wynne Jones,"['Fantasy', 'Young Adult', 'Fiction', 'Romance', 'Magic', 'Middle Grade', 'Childrens', 'Adventure', 'Classics', 'Young Adult Fantasy']"
Stranger in a Strange Land,Robert A. Heinlein,"['Science Fiction', 'Fiction', 'Classics', 'Science Fiction Fantasy', 'Fantasy', 'Novels', 'Speculative Fiction', 'Philosophy', 'Religion', 'Audiobook']"
Island of the Blue Dolphins,Scott O'Dell,"['Young Adult', 'Fiction', 'Historical Fiction', 'Classics', 'Childrens', 'Middle Grade', 'Adventure', 'Historical', 'School', 'Survival']"
Midnight Sun [2008 Draft],Stephenie Meyer,"['Young Adult', 'Fantasy', 'Vampires', 'Romance', 'Paranormal', 'Fiction', 'Paranormal Romance', 'Supernatural', 'Urban Fantasy', 'Teen']"
The Girl Who Kicked the Hornet's Nest,"Stieg Larsson, Reg Keeland (Translator)","['Fiction', 'Mystery', 'Thriller', 'Crime', 'Mystery Thriller', 'Suspense', 'Contemporary', 'Adult', 'Sweden', 'Audiobook']"
The Secret History,Donna Tartt,"['Fiction', 'Mystery', 'Contemporary', 'Literary Fiction', 'Thriller', 'Classics', 'Adult', 'Crime', 'Mystery Thriller', 'Novels']"
White Oleander,Janet Fitch (Goodreads Author),"['Fiction', 'Contemporary', 'Drama', 'Adult Fiction', 'Coming Of Age', 'Adult', 'Novels', 'Chick Lit', 'Literary Fiction', 'Young Adult']"
The Diary of a Young Girl,"Anne Frank, Eleanor Roosevelt (Introduction), 郭清玲 (Translator), Barbara Mooyaart-Doubleday (Translator)","['Nonfiction', 'Classics', 'History', 'Biography', 'Memoir', 'Historical', 'Holocaust', 'Autobiography', 'War', 'World War II']"
Delirium,Lauren Oliver (Goodreads Author),"['Young Adult', 'Dystopia', 'Romance', 'Science Fiction', 'Fantasy', 'Fiction', 'Teen', 'Audiobook', 'Love', 'Post Apocalyptic']"
Beautiful Disaster,Jamie McGuire (Goodreads Author),"['Romance', 'New Adult', 'Contemporary', 'Young Adult', 'Contemporary Romance', 'College', 'Fiction', 'Chick Lit', 'Adult', 'Love']"
Othello,William Shakespeare,"['Classics', 'Plays', 'Fiction', 'Drama', 'School', 'Literature', 'Theatre', 'Read For School', 'Poetry', 'Tragedy']"
Flow Down Like Silver: Hypatia of Alexandria,Ki Longfellow (Goodreads Author),"['Historical Fiction', 'Egypt', 'Fiction', 'Historical', 'Philosophy', 'Literature', 'Africa', 'Romance', 'Ancient History', 'Classics']"
Paper Towns,John Green (Goodreads Author),"['Young Adult', 'Contemporary', 'Fiction', 'Romance', 'Mystery', 'Realistic Fiction', 'Teen', 'Coming Of Age', 'Adventure', 'Young Adult Contemporary']"
The Vampire Lestat,Anne Rice,"['Horror', 'Fantasy', 'Vampires', 'Fiction', 'Paranormal', 'Supernatural', 'Urban Fantasy', 'Gothic', 'Historical Fiction', 'Adult']"
Speak,Laurie Halse Anderson (Goodreads Author),"['Young Adult', 'Fiction', 'Contemporary', 'Realistic Fiction', 'Teen', 'Mental Health', 'High School', 'Coming Of Age', 'School', 'Abuse']"
The Idiot,"Fyodor Dostoyevsky, Anna Brailovsky (Translator), Eva M. Martin (Translator), Constance Garnett (Translator), Martin Geeson (Narrator), Joseph Frank (Introduction)","['Classics', 'Fiction', 'Russia', 'Russian Literature', 'Literature', 'Novels', 'Philosophy', '19th Century', 'Classic Literature', 'Historical Fiction']"
King Lear,William Shakespeare,"['Classics', 'Plays', 'Drama', 'Fiction', 'School', 'Literature', 'Theatre', 'Poetry', 'Read For School', 'Tragedy']"
The Once and Future King,T.H. White,"['Fantasy', 'Classics', 'Fiction', 'Historical Fiction', 'Arthurian', 'Mythology', 'Science Fiction Fantasy', 'Young Adult', 'Literature', 'Historical']"
I Know This Much Is True,Wally Lamb (Goodreads Author),"['Fiction', 'Contemporary', 'Novels', 'Literary Fiction', 'Adult Fiction', 'Mental Illness', 'Adult', 'Drama', 'Psychology', 'Literature']"
Neverwhere,Neil Gaiman (Goodreads Author),"['Fantasy', 'Fiction', 'Urban Fantasy', 'Science Fiction Fantasy', 'Audiobook', 'Science Fiction', 'Adventure', 'Horror', 'Adult', 'Young Adult']"
Into the Wild,Jon Krakauer (Goodreads Author),"['Nonfiction', 'Biography', 'Travel', 'Adventure', 'Classics', 'Memoir', 'Nature', 'Biography Memoir', 'School', 'Survival']"
Inkheart,"Cornelia Funke (Goodreads Author), Anthea Bell (Translator)","['Fantasy', 'Young Adult', 'Fiction', 'Childrens', 'Middle Grade', 'Adventure', 'Magic', 'Books About Books', 'Young Adult Fantasy', 'Audiobook']"
Uncle Tom's Cabin,Harriet Beecher Stowe,"['Classics', 'Fiction', 'Historical Fiction', 'Literature', 'Historical', 'American', 'Novels', 'Classic Literature', '19th Century', 'School']"
"Lamb: The Gospel According to Biff, Christ's Childhood Pal",Christopher Moore (Goodreads Author),"['Fiction', 'Humor', 'Historical Fiction', 'Fantasy', 'Religion', 'Comedy', 'Historical', 'Audiobook', 'Adult', 'Adult Fiction']"
The Historian,Elizabeth Kostova,"['Fiction', 'Historical Fiction', 'Fantasy', 'Horror', 'Mystery', 'Vampires', 'Historical', 'Paranormal', 'Gothic', 'Thriller']"
The Complete Sherlock Holmes,Arthur Conan Doyle,"['Classics', 'Mystery', 'Fiction', 'Crime', 'Short Stories', 'Detective', 'Literature', 'Mystery Thriller', 'Historical Fiction', 'Thriller']"
Candide,"Voltaire, Sara Gioacchino Corcos (Translator)","['Classics', 'Fiction', 'Philosophy', 'France', 'Literature', 'Humor', 'French Literature', 'School', '18th Century', 'Novels']"
James and the Giant Peach,"Roald Dahl, Quentin Blake (Illustrator)","['Childrens', 'Fantasy', 'Fiction', 'Classics', 'Young Adult', 'Middle Grade', 'Adventure', 'Juvenile', 'Humor', 'Chapter Books']"
Invisible Man,Ralph Ellison,"['Classics', 'Fiction', 'Literature', 'African American', 'Race', 'Novels', 'Historical Fiction', 'School', 'American', 'Literary Fiction']"
Gone Girl,Gillian Flynn (Goodreads Author),"['Fiction', 'Mystery', 'Thriller', 'Crime', 'Mystery Thriller', 'Suspense', 'Contemporary', 'Adult', 'Adult Fiction', 'Audiobook']"
Blood River: A Journey to Africa's Broken Heart,Tim Butcher (Goodreads Author),"['Travel', 'Nonfiction', 'Africa', 'History', 'Adventure', 'Memoir', 'Biography', 'Politics', 'Travelogue', 'Autobiography']"
Paradise Lost,"John Milton, John Leonard (Editor, Contributor)","['Classics', 'Poetry', 'Fiction', 'Literature', 'Religion', 'Fantasy', 'Philosophy', 'School', 'Classic Literature', 'Epic']"
Leaves of Grass,Walt Whitman,"['Poetry', 'Classics', 'Fiction', 'Literature', 'American', '19th Century', 'Philosophy', 'Classic Literature', 'School', 'The United States Of America']"
All Creatures Great and Small,James Herriot,"['Nonfiction', 'Animals', 'Memoir', 'Classics', 'Biography', 'Humor', 'Autobiography', 'Biography Memoir', 'British Literature', 'Audiobook']"
Graceling,Kristin Cashore,"['Fantasy', 'Young Adult', 'Romance', 'Fiction', 'Adventure', 'Young Adult Fantasy', 'Magic', 'High Fantasy', 'Teen', 'Paranormal']"
The Complete Works,William Shakespeare,"['Classics', 'Poetry', 'Fiction', 'Plays', 'Drama', 'Literature', 'Reference', 'Theatre', 'Classic Literature', 'Historical Fiction']"
The Thirteenth Tale,Diane Setterfield (Goodreads Author),"['Fiction', 'Mystery', 'Historical Fiction', 'Gothic', 'Books About Books', 'Adult', 'Historical', 'Fantasy', 'Book Club', 'Adult Fiction']"
Foundation,Isaac Asimov,"['Science Fiction', 'Fiction', 'Classics', 'Science Fiction Fantasy', 'Fantasy', 'Space Opera', 'Novels', 'Space', 'Audiobook', 'Speculative Fiction']"
Norwegian Wood,"Haruki Murakami, Jay Rubin (Translator)","['Fiction', 'Japan', 'Romance', 'Japanese Literature', 'Contemporary', 'Novels', 'Literature', 'Literary Fiction', 'Asia', 'Magical Realism']"
The Things They Carried,Tim O'Brien,"['Fiction', 'Historical Fiction', 'War', 'Classics', 'Short Stories', 'School', 'Historical', 'Military Fiction', 'Literature', 'Read For School']"